Variable Name;Variable File;Variable Line;Fault Injection Time(s);Injection Time Interval;Fault Model
workstart;vfprintf.c;1257;2.3993208408355713;0-4;Single bit-flip
matrix;cooley_tukey.cpp;28;2.2588791847229004;0-4;Single bit-flip
i;cooley_tukey.cpp;83;3.205254316329956;0-4;Single bit-flip
n;cooley_tukey.cpp;28;1.9715313911437988;0-4;Single bit-flip
matrix;cooley_tukey.cpp;66;2.170597791671753;0-4;Single bit-flip
n;cooley_tukey.cpp;28;2.3923428058624268;0-4;Single bit-flip
matrix;cooley_tukey.cpp;28;2.5275979042053223;0-4;Single bit-flip
matrix;cooley_tukey.cpp;28;1.1849379539489746;0-4;Single bit-flip
n;cooley_tukey.cpp;28;2.0044798851013184;0-4;Single bit-flip
n;cooley_tukey.cpp;28;1.7048087120056152;0-4;Single bit-flip
matrix;cooley_tukey.cpp;28;1.3605995178222656;0-4;Single bit-flip
size;cooley_tukey.cpp;53;2.434641122817993;0-4;Single bit-flip
n;cooley_tukey.cpp;28;1.2745249271392822;0-4;Single bit-flip
size;cooley_tukey.cpp;53;3.5195555686950684;0-4;Single bit-flip
n;cooley_tukey.cpp;28;2.0634524822235107;0-4;Single bit-flip
i;cooley_tukey.cpp;83;2.576563835144043;0-4;Single bit-flip
odds;cooley_tukey.cpp;39;1.4951598644256592;0-4;Single bit-flip
n;cooley_tukey.cpp;28;0.5214512348175049;0-4;Single bit-flip
i;cooley_tukey.cpp;83;3.1963772773742676;0-4;Single bit-flip
matrix;cooley_tukey.cpp;28;1.5067076683044434;0-4;Single bit-flip
i;cooley_tukey.cpp;83;4.125834941864014;0-4;Single bit-flip
i;cooley_tukey.cpp;83;2.3002967834472656;0-4;Single bit-flip
n;cooley_tukey.cpp;28;1.3120670318603516;0-4;Single bit-flip
n;cooley_tukey.cpp;28;0.48685216903686523;0-4;Single bit-flip
n;cooley_tukey.cpp;28;1.7190377712249756;0-4;Single bit-flip
matrix;cooley_tukey.cpp;66;2.6200673580169678;0-4;Single bit-flip
matrix;cooley_tukey.cpp;28;1.1998326778411865;0-4;Single bit-flip
i;cooley_tukey.cpp;14;1.8323469161987305;0-4;Single bit-flip
n;cooley_tukey.cpp;28;2.4920899868011475;0-4;Single bit-flip
n;cooley_tukey.cpp;28;1.1484489440917969;0-4;Single bit-flip
size;cooley_tukey.cpp;53;2.9877231121063232;0-4;Single bit-flip
n;cooley_tukey.cpp;28;2.0524728298187256;0-4;Single bit-flip
matrix;cooley_tukey.cpp;66;2.4036049842834473;0-4;Single bit-flip
matrix;cooley_tukey.cpp;28;1.2834854125976562;0-4;Single bit-flip
size;cooley_tukey.cpp;53;2.9258012771606445;0-4;Single bit-flip
size;cooley_tukey.cpp;53;3.891484260559082;0-4;Single bit-flip
n;cooley_tukey.cpp;28;1.7175095081329346;0-4;Single bit-flip
size;cooley_tukey.cpp;53;2.609304189682007;0-4;Single bit-flip
n;cooley_tukey.cpp;28;1.4235341548919678;0-4;Single bit-flip
cosix;s_cexp.c;40;2.1655094623565674;0-4;Single bit-flip
n;cooley_tukey.cpp;28;0.7616493701934814;0-4;Single bit-flip
size;cooley_tukey.cpp;53;3.5750200748443604;0-4;Single bit-flip
matrix;cooley_tukey.cpp;28;2.098761558532715;0-4;Single bit-flip
i;cooley_tukey.cpp;83;3.2292654514312744;0-4;Single bit-flip
x;../sysdeps/ieee754/dbl-64/s_sincos.c;62;2.6088411808013916;0-4;Single bit-flip
matrix;cooley_tukey.cpp;28;1.1927156448364258;0-4;Single bit-flip
matrix;cooley_tukey.cpp;66;2.7308294773101807;0-4;Single bit-flip
n;cooley_tukey.cpp;28;1.7812201976776123;0-4;Single bit-flip
n;cooley_tukey.cpp;28;1.341399908065796;0-4;Single bit-flip
cosix;s_cexp.c;40;1.2382655143737793;0-4;Single bit-flip
sf;vsnprintf.c;96;2.6901416778564453;0-4;Single bit-flip
n;cooley_tukey.cpp;28;1.828979730606079;0-4;Single bit-flip
i;cooley_tukey.cpp;83;2.1554431915283203;0-4;Single bit-flip
matrix;cooley_tukey.cpp;66;3.6315648555755615;0-4;Single bit-flip
matrix;cooley_tukey.cpp;28;1.1760001182556152;0-4;Single bit-flip
size;cooley_tukey.cpp;53;4.324652910232544;0-4;Single bit-flip
odds;cooley_tukey.cpp;39;1.009305715560913;0-4;Single bit-flip
size;cooley_tukey.cpp;53;2.168562412261963;0-4;Single bit-flip
size;cooley_tukey.cpp;53;2.190300226211548;0-4;Single bit-flip
n;cooley_tukey.cpp;28;1.946847677230835;0-4;Single bit-flip
matrix;cooley_tukey.cpp;28;1.69911527633667;0-4;Single bit-flip
size;cooley_tukey.cpp;53;2.435157537460327;0-4;Single bit-flip
matrix;cooley_tukey.cpp;28;1.0479261875152588;0-4;Single bit-flip
n;cooley_tukey.cpp;28;1.7948548793792725;0-4;Single bit-flip
n;cooley_tukey.cpp;28;1.8578572273254395;0-4;Single bit-flip
n;cooley_tukey.cpp;28;0.7409484386444092;0-4;Single bit-flip
evens;cooley_tukey.cpp;38;0.4763667583465576;0-4;Single bit-flip
n;cooley_tukey.cpp;28;0.7489073276519775;0-4;Single bit-flip
n;cooley_tukey.cpp;28;1.1363475322723389;0-4;Single bit-flip
i;cooley_tukey.cpp;83;3.4739737510681152;0-4;Single bit-flip
matrix;cooley_tukey.cpp;28;0.7809133529663086;0-4;Single bit-flip
n;cooley_tukey.cpp;28;1.6484699249267578;0-4;Single bit-flip
size;cooley_tukey.cpp;53;3.8399064540863037;0-4;Single bit-flip
n;cooley_tukey.cpp;28;1.0637238025665283;0-4;Single bit-flip
size;cooley_tukey.cpp;53;3.0874879360198975;0-4;Single bit-flip
n;cooley_tukey.cpp;28;1.1625189781188965;0-4;Single bit-flip
n;cooley_tukey.cpp;28;1.0184330940246582;0-4;Single bit-flip
n;cooley_tukey.cpp;28;1.1571910381317139;0-4;Single bit-flip
matrix;cooley_tukey.cpp;28;0.8137350082397461;0-4;Single bit-flip
matrix;cooley_tukey.cpp;66;0.7216575145721436;0-4;Single bit-flip
matrix;cooley_tukey.cpp;28;1.501725196838379;0-4;Single bit-flip
twiddle;cooley_tukey.cpp;40;1.8391716480255127;0-4;Single bit-flip
n;cooley_tukey.cpp;28;1.8465211391448975;0-4;Single bit-flip
i;cooley_tukey.cpp;83;2.6134026050567627;0-4;Single bit-flip
n;cooley_tukey.cpp;28;1.556396722793579;0-4;Single bit-flip
i;cooley_tukey.cpp;35;1.7746481895446777;0-4;Single bit-flip
n;cooley_tukey.cpp;28;1.5975964069366455;0-4;Single bit-flip
matrix;cooley_tukey.cpp;28;2.133812665939331;0-4;Single bit-flip
n;cooley_tukey.cpp;28;1.0089647769927979;0-4;Single bit-flip
matrix;cooley_tukey.cpp;28;1.467348337173462;0-4;Single bit-flip
n;cooley_tukey.cpp;28;0.937197208404541;0-4;Single bit-flip
matrix;cooley_tukey.cpp;28;1.4050166606903076;0-4;Single bit-flip
n;cooley_tukey.cpp;28;1.7844607830047607;0-4;Single bit-flip
evens;cooley_tukey.cpp;38;1.063683271408081;0-4;Single bit-flip
n;cooley_tukey.cpp;28;0.7724583148956299;0-4;Single bit-flip
n;cooley_tukey.cpp;28;0.9410948753356934;0-4;Single bit-flip
matrix;cooley_tukey.cpp;66;2.901597023010254;0-4;Single bit-flip
n;cooley_tukey.cpp;28;1.8249726295471191;0-4;Single bit-flip
n;cooley_tukey.cpp;28;0.9453611373901367;0-4;Single bit-flip
matrix;cooley_tukey.cpp;28;1.4118833541870117;0-4;Single bit-flip
n;cooley_tukey.cpp;28;1.3631823062896729;0-4;Single bit-flip
matrix;cooley_tukey.cpp;28;1.1918764114379883;0-4;Single bit-flip
n;cooley_tukey.cpp;28;1.1556181907653809;0-4;Single bit-flip
matrix;cooley_tukey.cpp;28;0.7351903915405273;0-4;Single bit-flip
size;cooley_tukey.cpp;53;2.3910605907440186;0-4;Single bit-flip
size;cooley_tukey.cpp;53;0.8713400363922119;0-4;Single bit-flip
matrix;cooley_tukey.cpp;28;1.1744744777679443;0-4;Single bit-flip
n;cooley_tukey.cpp;28;1.6926326751708984;0-4;Single bit-flip
odds;cooley_tukey.cpp;39;1.0562372207641602;0-4;Single bit-flip
matrix;cooley_tukey.cpp;28;1.1223094463348389;0-4;Single bit-flip
matrix;cooley_tukey.cpp;28;1.1128883361816406;0-4;Single bit-flip
matrix;cooley_tukey.cpp;28;1.5511634349822998;0-4;Single bit-flip
n;cooley_tukey.cpp;28;0.8343820571899414;0-4;Single bit-flip
n;cooley_tukey.cpp;28;1.5881359577178955;0-4;Single bit-flip
__r;/usr/include/c++/6/complex;388;2.0607433319091797;0-4;Single bit-flip
n;cooley_tukey.cpp;28;0.9728388786315918;0-4;Single bit-flip
matrix;cooley_tukey.cpp;66;1.9856758117675781;0-4;Single bit-flip
n;cooley_tukey.cpp;28;1.035121202468872;0-4;Single bit-flip
i;cooley_tukey.cpp;83;3.2722883224487305;0-4;Single bit-flip
n;cooley_tukey.cpp;28;2.0332889556884766;0-4;Single bit-flip
i;cooley_tukey.cpp;83;3.0152783393859863;0-4;Single bit-flip
n;cooley_tukey.cpp;28;1.405442237854004;0-4;Single bit-flip
matrix;cooley_tukey.cpp;28;0.5889041423797607;0-4;Single bit-flip
matrix;cooley_tukey.cpp;28;1.5055973529815674;0-4;Single bit-flip
matrix;cooley_tukey.cpp;28;1.5444936752319336;0-4;Single bit-flip
matrix;cooley_tukey.cpp;28;1.5834977626800537;0-4;Single bit-flip
n;cooley_tukey.cpp;28;1.2583377361297607;0-4;Single bit-flip
odds;cooley_tukey.cpp;39;1.5175392627716064;0-4;Single bit-flip
n;cooley_tukey.cpp;28;0.9868519306182861;0-4;Single bit-flip
size;cooley_tukey.cpp;53;3.273305892944336;0-4;Single bit-flip
size;cooley_tukey.cpp;53;4.015384912490845;0-4;Single bit-flip
n;cooley_tukey.cpp;28;2.1101717948913574;0-4;Single bit-flip
c2;../sysdeps/ieee754/dbl-64/dosincos.h;64;1.4899981021881104;0-4;Single bit-flip
matrix;cooley_tukey.cpp;66;3.13447904586792;0-4;Single bit-flip
size;cooley_tukey.cpp;53;4.031983375549316;0-4;Single bit-flip
i;cooley_tukey.cpp;35;0.9957728385925293;0-4;Single bit-flip
n;cooley_tukey.cpp;28;2.052490711212158;0-4;Single bit-flip
matrix;cooley_tukey.cpp;28;0.9499955177307129;0-4;Single bit-flip
matrix;cooley_tukey.cpp;66;3.326964855194092;0-4;Single bit-flip
n;cooley_tukey.cpp;28;1.9485054016113281;0-4;Single bit-flip
size;cooley_tukey.cpp;53;2.7529499530792236;0-4;Single bit-flip
size;cooley_tukey.cpp;53;2.3670082092285156;0-4;Single bit-flip
i;cooley_tukey.cpp;83;2.6489038467407227;0-4;Single bit-flip
size;cooley_tukey.cpp;53;1.2673125267028809;0-4;Single bit-flip
n;cooley_tukey.cpp;28;1.471330165863037;0-4;Single bit-flip
n;cooley_tukey.cpp;28;1.2608323097229004;0-4;Single bit-flip
n;cooley_tukey.cpp;28;1.1964993476867676;0-4;Single bit-flip
matrix;cooley_tukey.cpp;28;2.068807363510132;0-4;Single bit-flip
matrix;cooley_tukey.cpp;28;2.317487955093384;0-4;Single bit-flip
matrix;cooley_tukey.cpp;66;2.8255414962768555;0-4;Single bit-flip
n;cooley_tukey.cpp;28;0.7914090156555176;0-4;Single bit-flip
matrix;cooley_tukey.cpp;28;0.735882043838501;0-4;Single bit-flip
odds;cooley_tukey.cpp;39;1.8528199195861816;0-4;Single bit-flip
matrix;cooley_tukey.cpp;28;1.362055778503418;0-4;Single bit-flip
matrix;cooley_tukey.cpp;28;1.8899731636047363;0-4;Single bit-flip
n;cooley_tukey.cpp;28;1.6932902336120605;0-4;Single bit-flip
size;cooley_tukey.cpp;53;4.0339438915252686;0-4;Single bit-flip
i;cooley_tukey.cpp;83;2.705979585647583;0-4;Single bit-flip
n;cooley_tukey.cpp;28;1.808995008468628;0-4;Single bit-flip
size;cooley_tukey.cpp;53;0.6618704795837402;0-4;Single bit-flip
n;cooley_tukey.cpp;28;1.748187780380249;0-4;Single bit-flip
matrix;cooley_tukey.cpp;28;1.2587215900421143;0-4;Single bit-flip
twiddle;cooley_tukey.cpp;40;2.3234968185424805;0-4;Single bit-flip
sf;vsnprintf.c;96;3.497746706008911;0-4;Single bit-flip
i;cooley_tukey.cpp;83;3.7694811820983887;0-4;Single bit-flip
matrix;cooley_tukey.cpp;28;1.6395692825317383;0-4;Single bit-flip
i;cooley_tukey.cpp;83;2.63378643989563;0-4;Single bit-flip
matrix;cooley_tukey.cpp;28;0.8778443336486816;0-4;Single bit-flip
n;cooley_tukey.cpp;28;1.521301507949829;0-4;Single bit-flip
n;cooley_tukey.cpp;28;0.8605930805206299;0-4;Single bit-flip
size;cooley_tukey.cpp;53;1.9824998378753662;0-4;Single bit-flip
i;cooley_tukey.cpp;83;3.1336631774902344;0-4;Single bit-flip
n;cooley_tukey.cpp;28;1.828904390335083;0-4;Single bit-flip
matrix;cooley_tukey.cpp;66;2.0519931316375732;0-4;Single bit-flip
n;cooley_tukey.cpp;28;1.580655813217163;0-4;Single bit-flip
i;cooley_tukey.cpp;83;2.5211493968963623;0-4;Single bit-flip
n;cooley_tukey.cpp;28;1.6815743446350098;0-4;Single bit-flip
matrix;cooley_tukey.cpp;28;2.2429728507995605;0-4;Single bit-flip
i;cooley_tukey.cpp;83;2.469358444213867;0-4;Single bit-flip
i;cooley_tukey.cpp;83;2.6400420665740967;0-4;Single bit-flip
i;cooley_tukey.cpp;83;2.075366258621216;0-4;Single bit-flip
matrix;cooley_tukey.cpp;28;1.475435733795166;0-4;Single bit-flip
matrix;cooley_tukey.cpp;28;1.957554817199707;0-4;Single bit-flip
matrix;cooley_tukey.cpp;28;0.9004087448120117;0-4;Single bit-flip
matrix;cooley_tukey.cpp;28;1.2611429691314697;0-4;Single bit-flip
size;cooley_tukey.cpp;53;3.9137649536132812;0-4;Single bit-flip
n;cooley_tukey.cpp;28;2.354022264480591;0-4;Single bit-flip
n;cooley_tukey.cpp;28;1.5824153423309326;0-4;Single bit-flip
matrix;cooley_tukey.cpp;66;2.4508488178253174;0-4;Single bit-flip
position;cooley_tukey.cpp;68;0.4440748691558838;0-4;Single bit-flip
n;cooley_tukey.cpp;28;1.2828481197357178;0-4;Single bit-flip
size;cooley_tukey.cpp;53;3.817309617996216;0-4;Single bit-flip
n;cooley_tukey.cpp;28;2.0168421268463135;0-4;Single bit-flip
matrix;cooley_tukey.cpp;66;2.6837410926818848;0-4;Single bit-flip
i;cooley_tukey.cpp;35;1.0621860027313232;0-4;Single bit-flip
evens;cooley_tukey.cpp;38;1.6158931255340576;0-4;Single bit-flip
matrix;cooley_tukey.cpp;28;0.8982465267181396;0-4;Single bit-flip
matrix;cooley_tukey.cpp;28;1.1776347160339355;0-4;Single bit-flip
size;cooley_tukey.cpp;53;4.076786994934082;0-4;Single bit-flip
size;cooley_tukey.cpp;53;3.1183011531829834;0-4;Single bit-flip
n;cooley_tukey.cpp;28;1.8074593544006348;0-4;Single bit-flip
sf;vsnprintf.c;96;3.371194362640381;0-4;Single bit-flip
size;cooley_tukey.cpp;53;2.2848587036132812;0-4;Single bit-flip
matrix;cooley_tukey.cpp;28;2.2983524799346924;0-4;Single bit-flip
matrix;cooley_tukey.cpp;28;0.9604859352111816;0-4;Single bit-flip
n;cooley_tukey.cpp;28;0.9433879852294922;0-4;Single bit-flip
i;cooley_tukey.cpp;83;2.4676475524902344;0-4;Single bit-flip
n;cooley_tukey.cpp;28;1.1287696361541748;0-4;Single bit-flip
n;cooley_tukey.cpp;28;1.7009906768798828;0-4;Single bit-flip
matrix;cooley_tukey.cpp;28;1.2185087203979492;0-4;Single bit-flip
matrix;cooley_tukey.cpp;28;0.38208627700805664;0-4;Single bit-flip
size;cooley_tukey.cpp;53;3.616786479949951;0-4;Single bit-flip
size;cooley_tukey.cpp;53;3.5607199668884277;0-4;Single bit-flip
matrix;cooley_tukey.cpp;28;1.667210578918457;0-4;Single bit-flip
matrix;cooley_tukey.cpp;66;0.913243293762207;0-4;Single bit-flip
n;cooley_tukey.cpp;28;1.0916290283203125;0-4;Single bit-flip
size;cooley_tukey.cpp;53;3.2711071968078613;0-4;Single bit-flip
matrix;cooley_tukey.cpp;28;1.9046566486358643;0-4;Single bit-flip
size;cooley_tukey.cpp;53;2.1864683628082275;0-4;Single bit-flip
i;cooley_tukey.cpp;83;3.1376893520355225;0-4;Single bit-flip
matrix;cooley_tukey.cpp;66;3.616060495376587;0-4;Single bit-flip
matrix;cooley_tukey.cpp;28;1.1607909202575684;0-4;Single bit-flip
matrix;cooley_tukey.cpp;28;1.4433519840240479;0-4;Single bit-flip
matrix;cooley_tukey.cpp;66;4.29685378074646;0-4;Single bit-flip
size;cooley_tukey.cpp;53;2.052389144897461;0-4;Single bit-flip
n;cooley_tukey.cpp;28;2.0534985065460205;0-4;Single bit-flip
n;cooley_tukey.cpp;28;0.9908440113067627;0-4;Single bit-flip
i;cooley_tukey.cpp;35;1.5649876594543457;0-4;Single bit-flip
matrix;cooley_tukey.cpp;28;2.0029451847076416;0-4;Single bit-flip
n;cooley_tukey.cpp;28;1.594771385192871;0-4;Single bit-flip
n;cooley_tukey.cpp;28;0.6007797718048096;0-4;Single bit-flip
size;cooley_tukey.cpp;53;3.2567851543426514;0-4;Single bit-flip
i;cooley_tukey.cpp;83;3.0092720985412598;0-4;Single bit-flip
matrix;cooley_tukey.cpp;28;2.492612361907959;0-4;Single bit-flip
matrix;cooley_tukey.cpp;28;0.43174123764038086;0-4;Single bit-flip
matrix;cooley_tukey.cpp;66;3.689436674118042;0-4;Single bit-flip
matrix;cooley_tukey.cpp;66;1.1677727699279785;0-4;Single bit-flip
n;cooley_tukey.cpp;28;2.0850629806518555;0-4;Single bit-flip
n;cooley_tukey.cpp;28;0.9239223003387451;0-4;Single bit-flip
n;cooley_tukey.cpp;28;1.7637178897857666;0-4;Single bit-flip
matrix;cooley_tukey.cpp;28;0.9931614398956299;0-4;Single bit-flip
matrix;cooley_tukey.cpp;28;1.8534793853759766;0-4;Single bit-flip
i;cooley_tukey.cpp;83;2.6742734909057617;0-4;Single bit-flip
evens;cooley_tukey.cpp;38;1.9976787567138672;0-4;Single bit-flip
i;cooley_tukey.cpp;83;2.2597568035125732;0-4;Single bit-flip
i;cooley_tukey.cpp;83;3.71549916267395;0-4;Single bit-flip
matrix;cooley_tukey.cpp;28;1.1214406490325928;0-4;Single bit-flip
n;cooley_tukey.cpp;28;1.575951099395752;0-4;Single bit-flip
n;cooley_tukey.cpp;28;1.8214962482452393;0-4;Single bit-flip
matrix;cooley_tukey.cpp;28;1.52321457862854;0-4;Single bit-flip
matrix;cooley_tukey.cpp;28;1.5963084697723389;0-4;Single bit-flip
size;cooley_tukey.cpp;53;2.5536677837371826;0-4;Single bit-flip
matrix;cooley_tukey.cpp;28;1.2839374542236328;0-4;Single bit-flip
i;cooley_tukey.cpp;83;2.9767236709594727;0-4;Single bit-flip
matrix;cooley_tukey.cpp;28;1.564920425415039;0-4;Single bit-flip
n;cooley_tukey.cpp;28;2.240861415863037;0-4;Single bit-flip
matrix;cooley_tukey.cpp;66;3.1937649250030518;0-4;Single bit-flip
size;cooley_tukey.cpp;53;3.5853676795959473;0-4;Single bit-flip
size;cooley_tukey.cpp;53;3.00461483001709;0-4;Single bit-flip
matrix;cooley_tukey.cpp;28;1.5065453052520752;0-4;Single bit-flip
__x;/usr/include/c++/6/complex;386;2.279331684112549;0-4;Single bit-flip
n;cooley_tukey.cpp;28;1.756150722503662;0-4;Single bit-flip
matrix;cooley_tukey.cpp;28;1.9430346488952637;0-4;Single bit-flip
matrix;cooley_tukey.cpp;28;1.4193344116210938;0-4;Single bit-flip
workstart;vfprintf.c;1257;2.509229898452759;0-4;Single bit-flip
i;cooley_tukey.cpp;83;2.1197123527526855;0-4;Single bit-flip
matrix;cooley_tukey.cpp;28;1.1172406673431396;0-4;Single bit-flip
i;cooley_tukey.cpp;83;2.68931245803833;0-4;Single bit-flip
__x;/usr/include/c++/6/complex;386;0.9178764820098877;0-4;Single bit-flip
n;cooley_tukey.cpp;28;2.3988096714019775;0-4;Single bit-flip
__r;/usr/include/c++/6/complex;388;0.4941420555114746;0-4;Single bit-flip
size;cooley_tukey.cpp;53;2.0795018672943115;0-4;Single bit-flip
sinix;s_cexp.c;40;1.771148681640625;0-4;Single bit-flip
matrix;cooley_tukey.cpp;28;0.7716982364654541;0-4;Single bit-flip
i;cooley_tukey.cpp;83;4.050503253936768;0-4;Single bit-flip
matrix;cooley_tukey.cpp;28;1.1605315208435059;0-4;Single bit-flip
matrix;cooley_tukey.cpp;28;1.1462619304656982;0-4;Single bit-flip
matrix;cooley_tukey.cpp;66;1.4543001651763916;0-4;Single bit-flip
n;cooley_tukey.cpp;28;1.804551362991333;0-4;Single bit-flip
matrix;cooley_tukey.cpp;28;1.3493335247039795;0-4;Single bit-flip
n;cooley_tukey.cpp;28;1.1701364517211914;0-4;Single bit-flip
matrix;cooley_tukey.cpp;28;0.6105124950408936;0-4;Single bit-flip
size;cooley_tukey.cpp;53;2.2123589515686035;0-4;Single bit-flip
matrix;cooley_tukey.cpp;66;2.22534441947937;0-4;Single bit-flip
i;cooley_tukey.cpp;83;3.568504810333252;0-4;Single bit-flip
odds;cooley_tukey.cpp;39;1.017181158065796;0-4;Single bit-flip
size;cooley_tukey.cpp;53;2.744516372680664;0-4;Single bit-flip
size;cooley_tukey.cpp;53;0.4189939498901367;0-4;Single bit-flip
size;cooley_tukey.cpp;53;2.944871664047241;0-4;Single bit-flip
i;cooley_tukey.cpp;83;2.8684418201446533;0-4;Single bit-flip
matrix;cooley_tukey.cpp;66;1.4527051448822021;0-4;Single bit-flip
big;../sysdeps/ieee754/dbl-64/dosincos.h;73;0.7856528759002686;0-4;Single bit-flip
matrix;cooley_tukey.cpp;66;3.6154654026031494;0-4;Single bit-flip
n;cooley_tukey.cpp;28;1.2895779609680176;0-4;Single bit-flip
n;cooley_tukey.cpp;28;2.0561673641204834;0-4;Single bit-flip
matrix;cooley_tukey.cpp;28;1.7190916538238525;0-4;Single bit-flip
matrix;cooley_tukey.cpp;28;2.0025172233581543;0-4;Single bit-flip
matrix;cooley_tukey.cpp;66;3.5854203701019287;0-4;Single bit-flip
n;cooley_tukey.cpp;28;1.3118619918823242;0-4;Single bit-flip
sinix;s_cexp.c;40;2.2418081760406494;0-4;Single bit-flip
matrix;cooley_tukey.cpp;28;0.39519572257995605;0-4;Single bit-flip
n;cooley_tukey.cpp;28;1.7601017951965332;0-4;Single bit-flip
matrix;cooley_tukey.cpp;28;2.019487142562866;0-4;Single bit-flip
i;cooley_tukey.cpp;83;3.5734989643096924;0-4;Single bit-flip
matrix;cooley_tukey.cpp;28;0.8288545608520508;0-4;Single bit-flip
matrix;cooley_tukey.cpp;66;1.9823119640350342;0-4;Single bit-flip
matrix;cooley_tukey.cpp;28;1.4558377265930176;0-4;Single bit-flip
matrix;cooley_tukey.cpp;28;1.0523443222045898;0-4;Single bit-flip
matrix;cooley_tukey.cpp;66;3.781085252761841;0-4;Single bit-flip
n;cooley_tukey.cpp;28;1.2630622386932373;0-4;Single bit-flip
matrix;cooley_tukey.cpp;28;1.3378534317016602;0-4;Single bit-flip
__z;/usr/include/c++/6/complex;1312;0.8981461524963379;0-4;Single bit-flip
size;cooley_tukey.cpp;53;4.177164554595947;0-4;Single bit-flip
__y;/usr/include/c++/6/complex;386;1.8918898105621338;0-4;Single bit-flip
matrix;cooley_tukey.cpp;66;3.1582250595092773;0-4;Single bit-flip
i;cooley_tukey.cpp;83;2.546250820159912;0-4;Single bit-flip
i;cooley_tukey.cpp;83;4.165498495101929;0-4;Single bit-flip
size;cooley_tukey.cpp;53;3.473238229751587;0-4;Single bit-flip
matrix;cooley_tukey.cpp;28;1.1525788307189941;0-4;Single bit-flip
matrix;cooley_tukey.cpp;28;2.1320323944091797;0-4;Single bit-flip
n;cooley_tukey.cpp;28;1.5732088088989258;0-4;Single bit-flip
matrix;cooley_tukey.cpp;66;0.8569505214691162;0-4;Single bit-flip
matrix;cooley_tukey.cpp;28;1.8910284042358398;0-4;Single bit-flip
matrix;cooley_tukey.cpp;28;1.6531240940093994;0-4;Single bit-flip
size;cooley_tukey.cpp;53;3.1323447227478027;0-4;Single bit-flip
matrix;cooley_tukey.cpp;28;2.196556806564331;0-4;Single bit-flip
n;cooley_tukey.cpp;28;0.37717652320861816;0-4;Single bit-flip
i;cooley_tukey.cpp;83;4.147109031677246;0-4;Single bit-flip
size;cooley_tukey.cpp;53;2.124788284301758;0-4;Single bit-flip
matrix;cooley_tukey.cpp;28;1.1865906715393066;0-4;Single bit-flip
i;cooley_tukey.cpp;83;3.3019425868988037;0-4;Single bit-flip
workstart;vfprintf.c;1257;3.6111042499542236;0-4;Single bit-flip
n;cooley_tukey.cpp;28;1.7026164531707764;0-4;Single bit-flip
n;cooley_tukey.cpp;28;1.236820936203003;0-4;Single bit-flip
matrix;cooley_tukey.cpp;66;3.185051679611206;0-4;Single bit-flip
n;cooley_tukey.cpp;28;1.4438893795013428;0-4;Single bit-flip
matrix;cooley_tukey.cpp;28;1.0460257530212402;0-4;Single bit-flip
matrix;cooley_tukey.cpp;11;1.6312353610992432;0-4;Single bit-flip
size;cooley_tukey.cpp;53;2.767329454421997;0-4;Single bit-flip
i;cooley_tukey.cpp;83;2.9939751625061035;0-4;Single bit-flip
matrix;cooley_tukey.cpp;28;1.4388041496276855;0-4;Single bit-flip
matrix;cooley_tukey.cpp;28;1.8428771495819092;0-4;Single bit-flip
i;cooley_tukey.cpp;83;3.5389881134033203;0-4;Single bit-flip
i;cooley_tukey.cpp;83;3.309607982635498;0-4;Single bit-flip
workstart;vfprintf.c;1257;3.6632277965545654;0-4;Single bit-flip
matrix;cooley_tukey.cpp;28;0.8246095180511475;0-4;Single bit-flip
n;cooley_tukey.cpp;28;2.0767645835876465;0-4;Single bit-flip
matrix;cooley_tukey.cpp;28;1.8533778190612793;0-4;Single bit-flip
n;cooley_tukey.cpp;28;1.488800287246704;0-4;Single bit-flip
size;cooley_tukey.cpp;53;2.4538066387176514;0-4;Single bit-flip
n;cooley_tukey.cpp;28;1.3064475059509277;0-4;Single bit-flip
size;cooley_tukey.cpp;53;2.6997790336608887;0-4;Single bit-flip
matrix;cooley_tukey.cpp;28;1.7788538932800293;0-4;Single bit-flip
i;cooley_tukey.cpp;83;1.8217334747314453;0-4;Single bit-flip
matrix;cooley_tukey.cpp;28;1.896822214126587;0-4;Single bit-flip
i;cooley_tukey.cpp;83;2.1516356468200684;0-4;Single bit-flip
n;cooley_tukey.cpp;28;1.2820661067962646;0-4;Single bit-flip
size;cooley_tukey.cpp;53;2.725616931915283;0-4;Single bit-flip
matrix;cooley_tukey.cpp;28;1.3581936359405518;0-4;Single bit-flip
matrix;cooley_tukey.cpp;28;2.0036253929138184;0-4;Single bit-flip
matrix;cooley_tukey.cpp;28;1.8664894104003906;0-4;Single bit-flip
n;cooley_tukey.cpp;28;1.8063743114471436;0-4;Single bit-flip
n;cooley_tukey.cpp;28;1.4082188606262207;0-4;Single bit-flip
matrix;cooley_tukey.cpp;28;0.9604184627532959;0-4;Single bit-flip
n;cooley_tukey.cpp;28;2.408374309539795;0-4;Single bit-flip
i;cooley_tukey.cpp;83;3.480408191680908;0-4;Single bit-flip
n;cooley_tukey.cpp;28;2.014359951019287;0-4;Single bit-flip
n;cooley_tukey.cpp;28;1.2181429862976074;0-4;Single bit-flip
__y;/usr/include/c++/6/complex;386;2.6093850135803223;0-4;Single bit-flip
matrix;cooley_tukey.cpp;28;1.8237473964691162;0-4;Single bit-flip
matrix;cooley_tukey.cpp;66;2.0338668823242188;0-4;Single bit-flip
matrix;cooley_tukey.cpp;28;0.782292366027832;0-4;Single bit-flip
i;cooley_tukey.cpp;83;3.9778974056243896;0-4;Single bit-flip
matrix;cooley_tukey.cpp;66;1.4323348999023438;0-4;Single bit-flip
i;cooley_tukey.cpp;83;2.628711462020874;0-4;Single bit-flip
size;cooley_tukey.cpp;53;2.948471784591675;0-4;Single bit-flip
matrix;cooley_tukey.cpp;28;0.6941752433776855;0-4;Single bit-flip
n;cooley_tukey.cpp;28;1.3311524391174316;0-4;Single bit-flip
size;cooley_tukey.cpp;53;2.9354238510131836;0-4;Single bit-flip
n;cooley_tukey.cpp;28;1.3124563694000244;0-4;Single bit-flip
matrix;cooley_tukey.cpp;28;1.011000156402588;0-4;Single bit-flip
matrix;cooley_tukey.cpp;66;2.9648046493530273;0-4;Single bit-flip
matrix;cooley_tukey.cpp;28;0.9984462261199951;0-4;Single bit-flip
size;cooley_tukey.cpp;53;3.5236473083496094;0-4;Single bit-flip
matrix;cooley_tukey.cpp;66;1.1372392177581787;0-4;Single bit-flip
matrix;cooley_tukey.cpp;28;2.226205587387085;0-4;Single bit-flip
size;cooley_tukey.cpp;53;2.330191135406494;0-4;Single bit-flip
x;../sysdeps/ieee754/dbl-64/s_sin.c;466;2.155518054962158;0-4;Single bit-flip
matrix;cooley_tukey.cpp;28;1.3380405902862549;0-4;Single bit-flip
matrix;cooley_tukey.cpp;28;1.7116608619689941;0-4;Single bit-flip
n;cooley_tukey.cpp;28;2.387258529663086;0-4;Single bit-flip
matrix;cooley_tukey.cpp;28;2.014552354812622;0-4;Single bit-flip
matrix;cooley_tukey.cpp;28;1.128800392150879;0-4;Single bit-flip
matrix;cooley_tukey.cpp;28;0.4736201763153076;0-4;Single bit-flip
i;cooley_tukey.cpp;83;3.054370403289795;0-4;Single bit-flip
matrix;cooley_tukey.cpp;66;1.4844534397125244;0-4;Single bit-flip
size;cooley_tukey.cpp;53;2.3667991161346436;0-4;Single bit-flip
i;cooley_tukey.cpp;35;1.145517110824585;0-4;Single bit-flip
matrix;cooley_tukey.cpp;66;2.493053674697876;0-4;Single bit-flip
matrix;cooley_tukey.cpp;28;1.5803422927856445;0-4;Single bit-flip
matrix;cooley_tukey.cpp;28;2.4892942905426025;0-4;Single bit-flip
matrix;cooley_tukey.cpp;66;1.2038342952728271;0-4;Single bit-flip
matrix;cooley_tukey.cpp;28;1.878481149673462;0-4;Single bit-flip
__z;/usr/include/c++/6/complex;1303;1.6249704360961914;0-4;Single bit-flip
n;cooley_tukey.cpp;28;0.8356149196624756;0-4;Single bit-flip
matrix;cooley_tukey.cpp;28;2.117337942123413;0-4;Single bit-flip
n;cooley_tukey.cpp;28;1.1840221881866455;0-4;Single bit-flip
matrix;cooley_tukey.cpp;28;2.4398515224456787;0-4;Single bit-flip
size;cooley_tukey.cpp;53;2.132174015045166;0-4;Single bit-flip
n;cooley_tukey.cpp;28;1.4201202392578125;0-4;Single bit-flip
matrix;cooley_tukey.cpp;28;1.201413631439209;0-4;Single bit-flip
matrix;cooley_tukey.cpp;28;1.3598923683166504;0-4;Single bit-flip
n;cooley_tukey.cpp;28;0.8618068695068359;0-4;Single bit-flip
matrix;cooley_tukey.cpp;66;1.873168706893921;0-4;Single bit-flip
n;cooley_tukey.cpp;28;1.717473030090332;0-4;Single bit-flip
matrix;cooley_tukey.cpp;28;0.8989710807800293;0-4;Single bit-flip
size;cooley_tukey.cpp;53;0.9545192718505859;0-4;Single bit-flip
matrix;cooley_tukey.cpp;28;0.5667068958282471;0-4;Single bit-flip
n;cooley_tukey.cpp;28;1.2389745712280273;0-4;Single bit-flip
n;cooley_tukey.cpp;28;1.3676321506500244;0-4;Single bit-flip
sf;vsnprintf.c;96;2.3141417503356934;0-4;Single bit-flip
n;cooley_tukey.cpp;28;1.3723092079162598;0-4;Single bit-flip
n;cooley_tukey.cpp;28;0.7569258213043213;0-4;Single bit-flip
size;cooley_tukey.cpp;53;2.2567265033721924;0-4;Single bit-flip
_IO_str_jumps;strops.c;326;3.26920747756958;0-4;Single bit-flip
n;cooley_tukey.cpp;28;1.7420730590820312;0-4;Single bit-flip
n;cooley_tukey.cpp;28;1.137005090713501;0-4;Single bit-flip
i;cooley_tukey.cpp;83;3.5554587841033936;0-4;Single bit-flip
matrix;cooley_tukey.cpp;28;2.041667938232422;0-4;Single bit-flip
matrix;cooley_tukey.cpp;28;1.0209541320800781;0-4;Single bit-flip
twiddle;cooley_tukey.cpp;40;1.1659855842590332;0-4;Single bit-flip
size;cooley_tukey.cpp;53;3.213186740875244;0-4;Single bit-flip
size;cooley_tukey.cpp;53;2.632105588912964;0-4;Single bit-flip
matrix;cooley_tukey.cpp;66;2.495701313018799;0-4;Single bit-flip
matrix;cooley_tukey.cpp;28;0.5565664768218994;0-4;Single bit-flip
n;cooley_tukey.cpp;28;1.4396460056304932;0-4;Single bit-flip
odds;cooley_tukey.cpp;39;1.496732234954834;0-4;Single bit-flip
n;cooley_tukey.cpp;28;1.2492847442626953;0-4;Single bit-flip
matrix;cooley_tukey.cpp;28;2.106393814086914;0-4;Single bit-flip
n;cooley_tukey.cpp;28;1.5405659675598145;0-4;Single bit-flip
n;cooley_tukey.cpp;28;1.3843514919281006;0-4;Single bit-flip
__x;/usr/include/c++/6/complex;386;1.2221767902374268;0-4;Single bit-flip
n;cooley_tukey.cpp;28;1.242767333984375;0-4;Single bit-flip
i;cooley_tukey.cpp;83;3.7542026042938232;0-4;Single bit-flip
matrix;cooley_tukey.cpp;66;2.841991662979126;0-4;Single bit-flip
size;cooley_tukey.cpp;53;2.504243850708008;0-4;Single bit-flip
n;cooley_tukey.cpp;28;1.5644745826721191;0-4;Single bit-flip
evens;cooley_tukey.cpp;38;1.6850368976593018;0-4;Single bit-flip
n;cooley_tukey.cpp;28;1.3969616889953613;0-4;Single bit-flip
n;cooley_tukey.cpp;28;0.7021393775939941;0-4;Single bit-flip
evens;cooley_tukey.cpp;38;1.9891934394836426;0-4;Single bit-flip
i;cooley_tukey.cpp;83;3.5295870304107666;0-4;Single bit-flip
i;cooley_tukey.cpp;83;4.501929044723511;0-4;Single bit-flip
matrix;cooley_tukey.cpp;28;0.6637592315673828;0-4;Single bit-flip
n;cooley_tukey.cpp;28;1.1417114734649658;0-4;Single bit-flip
n;cooley_tukey.cpp;28;1.1585750579833984;0-4;Single bit-flip
n;cooley_tukey.cpp;28;1.2385673522949219;0-4;Single bit-flip
matrix;cooley_tukey.cpp;28;1.7169029712677002;0-4;Single bit-flip
matrix;cooley_tukey.cpp;28;1.310168981552124;0-4;Single bit-flip
size;cooley_tukey.cpp;53;3.395242691040039;0-4;Single bit-flip
size;cooley_tukey.cpp;53;2.885474443435669;0-4;Single bit-flip
n;cooley_tukey.cpp;28;2.000617504119873;0-4;Single bit-flip
matrix;cooley_tukey.cpp;66;1.432072639465332;0-4;Single bit-flip
matrix;cooley_tukey.cpp;66;2.2838973999023438;0-4;Single bit-flip
n;cooley_tukey.cpp;28;1.6439189910888672;0-4;Single bit-flip
odds;cooley_tukey.cpp;39;1.5265460014343262;0-4;Single bit-flip
matrix;cooley_tukey.cpp;28;2.3359270095825195;0-4;Single bit-flip
matrix;cooley_tukey.cpp;28;0.959108829498291;0-4;Single bit-flip
i;cooley_tukey.cpp;83;1.9562876224517822;0-4;Single bit-flip
size;cooley_tukey.cpp;53;0.7560727596282959;0-4;Single bit-flip
matrix;cooley_tukey.cpp;28;1.9237630367279053;0-4;Single bit-flip
n;cooley_tukey.cpp;28;1.3302476406097412;0-4;Single bit-flip
matrix;cooley_tukey.cpp;28;1.4977169036865234;0-4;Single bit-flip
i;cooley_tukey.cpp;83;2.47523832321167;0-4;Single bit-flip
n;cooley_tukey.cpp;28;1.3680918216705322;0-4;Single bit-flip
n;cooley_tukey.cpp;28;1.1018545627593994;0-4;Single bit-flip
matrix;cooley_tukey.cpp;28;1.6049439907073975;0-4;Single bit-flip
n;cooley_tukey.cpp;28;1.4634485244750977;0-4;Single bit-flip
size;cooley_tukey.cpp;53;2.929649591445923;0-4;Single bit-flip
n;cooley_tukey.cpp;28;1.8723433017730713;0-4;Single bit-flip
matrix;cooley_tukey.cpp;28;2.0666563510894775;0-4;Single bit-flip
matrix;cooley_tukey.cpp;28;1.5664284229278564;0-4;Single bit-flip
matrix;cooley_tukey.cpp;66;0.7816038131713867;0-4;Single bit-flip
sf;vsnprintf.c;96;1.9794049263000488;0-4;Single bit-flip
i;cooley_tukey.cpp;83;2.9377501010894775;0-4;Single bit-flip
size;cooley_tukey.cpp;53;2.839592695236206;0-4;Single bit-flip
n;cooley_tukey.cpp;28;1.8140144348144531;0-4;Single bit-flip
matrix;cooley_tukey.cpp;28;1.8012886047363281;0-4;Single bit-flip
matrix;cooley_tukey.cpp;28;2.0449414253234863;0-4;Single bit-flip
matrix;cooley_tukey.cpp;28;1.6412229537963867;0-4;Single bit-flip
size;cooley_tukey.cpp;53;2.560965061187744;0-4;Single bit-flip
matrix;cooley_tukey.cpp;28;0.4221198558807373;0-4;Single bit-flip
matrix;cooley_tukey.cpp;66;1.235609531402588;0-4;Single bit-flip
n;cooley_tukey.cpp;28;1.5463709831237793;0-4;Single bit-flip
_IO_strn_jumps;vsnprintf.c;67;3.0125041007995605;0-4;Single bit-flip
size;cooley_tukey.cpp;53;3.037102222442627;0-4;Single bit-flip
sinix;s_cexp.c;40;2.03861927986145;0-4;Single bit-flip
i;cooley_tukey.cpp;83;3.0103678703308105;0-4;Single bit-flip
size;cooley_tukey.cpp;53;3.3498127460479736;0-4;Single bit-flip
n;cooley_tukey.cpp;28;1.723867654800415;0-4;Single bit-flip
size;cooley_tukey.cpp;53;1.8219702243804932;0-4;Single bit-flip
n;cooley_tukey.cpp;28;1.08506441116333;0-4;Single bit-flip
matrix;cooley_tukey.cpp;28;2.596224784851074;0-4;Single bit-flip
matrix;cooley_tukey.cpp;28;1.9900765419006348;0-4;Single bit-flip
matrix;cooley_tukey.cpp;28;0.9096512794494629;0-4;Single bit-flip
i;cooley_tukey.cpp;83;2.7057981491088867;0-4;Single bit-flip
n;cooley_tukey.cpp;28;0.8986647129058838;0-4;Single bit-flip
sinix;s_cexp.c;40;1.7917084693908691;0-4;Single bit-flip
size;cooley_tukey.cpp;53;2.2458486557006836;0-4;Single bit-flip
n;cooley_tukey.cpp;28;1.467207431793213;0-4;Single bit-flip
matrix;cooley_tukey.cpp;28;0.9922096729278564;0-4;Single bit-flip
__r;/usr/include/c++/6/complex;1207;0.6736836433410645;0-4;Single bit-flip
i;cooley_tukey.cpp;35;2.0119664669036865;0-4;Single bit-flip
n;cooley_tukey.cpp;28;2.116097927093506;0-4;Single bit-flip
this;cooley_tukey.cpp;0;1.6821012496948242;0-4;Single bit-flip
n;cooley_tukey.cpp;28;1.135568618774414;0-4;Single bit-flip
matrix;cooley_tukey.cpp;28;1.3440449237823486;0-4;Single bit-flip
matrix;cooley_tukey.cpp;66;0.3116567134857178;0-4;Single bit-flip
evens;cooley_tukey.cpp;38;1.0300583839416504;0-4;Single bit-flip
size;cooley_tukey.cpp;53;1.0807468891143799;0-4;Single bit-flip
matrix;cooley_tukey.cpp;28;1.2813382148742676;0-4;Single bit-flip
n;cooley_tukey.cpp;28;2.262345790863037;0-4;Single bit-flip
matrix;cooley_tukey.cpp;28;0.8679671287536621;0-4;Single bit-flip
size;cooley_tukey.cpp;53;2.89583158493042;0-4;Single bit-flip
n;cooley_tukey.cpp;28;1.385932445526123;0-4;Single bit-flip
n;cooley_tukey.cpp;28;0.9687235355377197;0-4;Single bit-flip
__x;/usr/include/c++/6/complex;386;2.0121185779571533;0-4;Single bit-flip
odds;cooley_tukey.cpp;39;1.5793254375457764;0-4;Single bit-flip
matrix;cooley_tukey.cpp;28;2.520684003829956;0-4;Single bit-flip
matrix;cooley_tukey.cpp;28;1.5117144584655762;0-4;Single bit-flip
i;cooley_tukey.cpp;83;3.07266902923584;0-4;Single bit-flip
matrix;cooley_tukey.cpp;28;1.4538516998291016;0-4;Single bit-flip
n;cooley_tukey.cpp;28;1.4949860572814941;0-4;Single bit-flip
matrix;cooley_tukey.cpp;28;1.1731977462768555;0-4;Single bit-flip
size;cooley_tukey.cpp;53;3.5206797122955322;0-4;Single bit-flip
n;cooley_tukey.cpp;28;1.7913439273834229;0-4;Single bit-flip
i;cooley_tukey.cpp;83;2.228184700012207;0-4;Single bit-flip
size;cooley_tukey.cpp;53;3.953981876373291;0-4;Single bit-flip
matrix;cooley_tukey.cpp;28;1.5187342166900635;0-4;Single bit-flip
matrix;cooley_tukey.cpp;28;0.589414119720459;0-4;Single bit-flip
n;cooley_tukey.cpp;28;1.2872350215911865;0-4;Single bit-flip
matrix;cooley_tukey.cpp;66;2.999258279800415;0-4;Single bit-flip
size;cooley_tukey.cpp;53;2.8680503368377686;0-4;Single bit-flip
matrix;cooley_tukey.cpp;28;2.032163143157959;0-4;Single bit-flip
size;cooley_tukey.cpp;53;3.678083896636963;0-4;Single bit-flip
matrix;cooley_tukey.cpp;28;0.6630651950836182;0-4;Single bit-flip
size;cooley_tukey.cpp;53;3.545927047729492;0-4;Single bit-flip
size;cooley_tukey.cpp;53;3.1800241470336914;0-4;Single bit-flip
matrix;cooley_tukey.cpp;66;2.179349184036255;0-4;Single bit-flip
matrix;cooley_tukey.cpp;28;1.257401704788208;0-4;Single bit-flip
size;cooley_tukey.cpp;53;3.129261016845703;0-4;Single bit-flip
matrix;cooley_tukey.cpp;66;3.7893404960632324;0-4;Single bit-flip
matrix;cooley_tukey.cpp;28;1.2095673084259033;0-4;Single bit-flip
n;cooley_tukey.cpp;28;1.3326530456542969;0-4;Single bit-flip
matrix;cooley_tukey.cpp;66;2.6272785663604736;0-4;Single bit-flip
matrix;cooley_tukey.cpp;66;2.9373953342437744;0-4;Single bit-flip
matrix;cooley_tukey.cpp;66;3.1205663681030273;0-4;Single bit-flip
matrix;cooley_tukey.cpp;28;1.1284105777740479;0-4;Single bit-flip
size;cooley_tukey.cpp;53;3.602820634841919;0-4;Single bit-flip
matrix;cooley_tukey.cpp;28;1.0151615142822266;0-4;Single bit-flip
i;cooley_tukey.cpp;83;3.1262011528015137;0-4;Single bit-flip
n;cooley_tukey.cpp;28;0.7540113925933838;0-4;Single bit-flip
n;cooley_tukey.cpp;28;1.6867549419403076;0-4;Single bit-flip
n;cooley_tukey.cpp;28;2.2021708488464355;0-4;Single bit-flip
sinix;s_cexp.c;40;1.7665705680847168;0-4;Single bit-flip
i;cooley_tukey.cpp;83;2.6315932273864746;0-4;Single bit-flip
matrix;cooley_tukey.cpp;28;1.8639333248138428;0-4;Single bit-flip
matrix;cooley_tukey.cpp;28;1.2253687381744385;0-4;Single bit-flip
matrix;cooley_tukey.cpp;28;1.7914927005767822;0-4;Single bit-flip
size;cooley_tukey.cpp;53;2.8878979682922363;0-4;Single bit-flip
n;cooley_tukey.cpp;28;1.6609020233154297;0-4;Single bit-flip
n;cooley_tukey.cpp;28;1.4666028022766113;0-4;Single bit-flip
matrix;cooley_tukey.cpp;28;0.8355123996734619;0-4;Single bit-flip
size;cooley_tukey.cpp;53;3.9452669620513916;0-4;Single bit-flip
matrix;cooley_tukey.cpp;28;2.1958558559417725;0-4;Single bit-flip
__y;/usr/include/c++/6/complex;386;2.2504870891571045;0-4;Single bit-flip
x;../sysdeps/ieee754/dbl-64/s_sincos.c;62;0.6107125282287598;0-4;Single bit-flip
matrix;cooley_tukey.cpp;66;3.3927078247070312;0-4;Single bit-flip
_IO_strn_jumps;vsnprintf.c;67;3.9092135429382324;0-4;Single bit-flip
matrix;cooley_tukey.cpp;28;0.810575008392334;0-4;Single bit-flip
i;cooley_tukey.cpp;35;1.770627498626709;0-4;Single bit-flip
matrix;cooley_tukey.cpp;28;1.6849215030670166;0-4;Single bit-flip
i;cooley_tukey.cpp;83;2.3370206356048584;0-4;Single bit-flip
matrix;cooley_tukey.cpp;28;0.9170999526977539;0-4;Single bit-flip
i;cooley_tukey.cpp;83;2.976531744003296;0-4;Single bit-flip
i;cooley_tukey.cpp;83;3.630925178527832;0-4;Single bit-flip
matrix;cooley_tukey.cpp;28;1.6222574710845947;0-4;Single bit-flip
matrix;cooley_tukey.cpp;28;1.9282398223876953;0-4;Single bit-flip
matrix;cooley_tukey.cpp;66;3.235184907913208;0-4;Single bit-flip
n;cooley_tukey.cpp;28;1.5790729522705078;0-4;Single bit-flip
n;cooley_tukey.cpp;28;0.8294878005981445;0-4;Single bit-flip
matrix;cooley_tukey.cpp;28;1.6270318031311035;0-4;Single bit-flip
size;cooley_tukey.cpp;53;3.294728994369507;0-4;Single bit-flip
i;cooley_tukey.cpp;83;2.4159231185913086;0-4;Single bit-flip
n;cooley_tukey.cpp;28;1.4208950996398926;0-4;Single bit-flip
n;cooley_tukey.cpp;28;0.7232363224029541;0-4;Single bit-flip
matrix;cooley_tukey.cpp;28;1.118994951248169;0-4;Single bit-flip
evens;cooley_tukey.cpp;38;1.176006555557251;0-4;Single bit-flip
matrix;cooley_tukey.cpp;28;2.528946876525879;0-4;Single bit-flip
n;cooley_tukey.cpp;28;0.6981737613677979;0-4;Single bit-flip
i;cooley_tukey.cpp;83;1.8398549556732178;0-4;Single bit-flip
matrix;cooley_tukey.cpp;28;0.8125483989715576;0-4;Single bit-flip
matrix;cooley_tukey.cpp;28;1.4265069961547852;0-4;Single bit-flip
i;cooley_tukey.cpp;83;4.3845343589782715;0-4;Single bit-flip
sinix;s_cexp.c;40;1.0471882820129395;0-4;Single bit-flip
matrix;cooley_tukey.cpp;28;1.0274641513824463;0-4;Single bit-flip
i;cooley_tukey.cpp;35;1.830923318862915;0-4;Single bit-flip
f;vfprintf.c;1247;2.5492775440216064;0-4;Single bit-flip
odds;cooley_tukey.cpp;39;1.8185031414031982;0-4;Single bit-flip
matrix;cooley_tukey.cpp;28;0.5892148017883301;0-4;Single bit-flip
i;cooley_tukey.cpp;35;2.5246589183807373;0-4;Single bit-flip
n;cooley_tukey.cpp;28;0.9829342365264893;0-4;Single bit-flip
matrix;cooley_tukey.cpp;28;2.2336959838867188;0-4;Single bit-flip
matrix;cooley_tukey.cpp;66;4.481892824172974;0-4;Single bit-flip
i;cooley_tukey.cpp;83;2.429342269897461;0-4;Single bit-flip
matrix;cooley_tukey.cpp;28;1.2652418613433838;0-4;Single bit-flip
n;cooley_tukey.cpp;28;1.0518858432769775;0-4;Single bit-flip
matrix;cooley_tukey.cpp;28;0.6723878383636475;0-4;Single bit-flip
sf;vsnprintf.c;96;3.988029718399048;0-4;Single bit-flip
i;cooley_tukey.cpp;35;1.259626865386963;0-4;Single bit-flip
matrix;cooley_tukey.cpp;28;1.3657970428466797;0-4;Single bit-flip
n;cooley_tukey.cpp;28;1.889275074005127;0-4;Single bit-flip
size;cooley_tukey.cpp;53;2.405550956726074;0-4;Single bit-flip
n;cooley_tukey.cpp;28;1.649895191192627;0-4;Single bit-flip
evens;cooley_tukey.cpp;38;1.771580696105957;0-4;Single bit-flip
__y;/usr/include/c++/6/complex;386;2.641052007675171;0-4;Single bit-flip
workstart;vfprintf.c;1257;2.6111440658569336;0-4;Single bit-flip
twiddle;cooley_tukey.cpp;40;1.8516807556152344;0-4;Single bit-flip
n;cooley_tukey.cpp;28;1.1074278354644775;0-4;Single bit-flip
i;cooley_tukey.cpp;83;3.16375470161438;0-4;Single bit-flip
size;cooley_tukey.cpp;53;3.177194118499756;0-4;Single bit-flip
size;cooley_tukey.cpp;53;3.671315908432007;0-4;Single bit-flip
n;cooley_tukey.cpp;28;1.2692859172821045;0-4;Single bit-flip
matrix;cooley_tukey.cpp;28;1.3776464462280273;0-4;Single bit-flip
matrix;cooley_tukey.cpp;28;1.7038772106170654;0-4;Single bit-flip
__y;/usr/include/c++/6/complex;386;1.3975019454956055;0-4;Single bit-flip
matrix;cooley_tukey.cpp;66;0.9540286064147949;0-4;Single bit-flip
matrix;cooley_tukey.cpp;28;1.2274401187896729;0-4;Single bit-flip
matrix;cooley_tukey.cpp;28;0.7852954864501953;0-4;Single bit-flip
n;cooley_tukey.cpp;28;1.1031711101531982;0-4;Single bit-flip
matrix;cooley_tukey.cpp;28;0.6069440841674805;0-4;Single bit-flip
workstart;vfprintf.c;1257;2.4605791568756104;0-4;Single bit-flip
i;cooley_tukey.cpp;83;3.0158801078796387;0-4;Single bit-flip
matrix;cooley_tukey.cpp;28;0.8545277118682861;0-4;Single bit-flip
n;cooley_tukey.cpp;28;1.2840702533721924;0-4;Single bit-flip
n;cooley_tukey.cpp;28;0.8563337326049805;0-4;Single bit-flip
matrix;cooley_tukey.cpp;28;1.481114149093628;0-4;Single bit-flip
i;cooley_tukey.cpp;83;3.1137969493865967;0-4;Single bit-flip
n;cooley_tukey.cpp;28;1.3758175373077393;0-4;Single bit-flip
n;cooley_tukey.cpp;28;1.9235897064208984;0-4;Single bit-flip
n;cooley_tukey.cpp;28;1.0404129028320312;0-4;Single bit-flip
matrix;cooley_tukey.cpp;28;1.1461424827575684;0-4;Single bit-flip
n;cooley_tukey.cpp;28;1.1095855236053467;0-4;Single bit-flip
n;cooley_tukey.cpp;28;1.4024076461791992;0-4;Single bit-flip
matrix;cooley_tukey.cpp;66;2.4064958095550537;0-4;Single bit-flip
matrix;cooley_tukey.cpp;28;1.2678534984588623;0-4;Single bit-flip
n;cooley_tukey.cpp;28;1.5885875225067139;0-4;Single bit-flip
n;cooley_tukey.cpp;28;0.8211648464202881;0-4;Single bit-flip
i;cooley_tukey.cpp;35;0.5964436531066895;0-4;Single bit-flip
n;cooley_tukey.cpp;28;1.3042972087860107;0-4;Single bit-flip
n;cooley_tukey.cpp;28;1.9743523597717285;0-4;Single bit-flip
matrix;cooley_tukey.cpp;28;0.9005281925201416;0-4;Single bit-flip
__y;/usr/include/c++/6/complex;386;1.227674961090088;0-4;Single bit-flip
size;cooley_tukey.cpp;53;2.521169900894165;0-4;Single bit-flip
matrix;cooley_tukey.cpp;28;1.5726354122161865;0-4;Single bit-flip
size;cooley_tukey.cpp;53;2.5625884532928467;0-4;Single bit-flip
i;cooley_tukey.cpp;83;3.6662991046905518;0-4;Single bit-flip
n;cooley_tukey.cpp;28;0.4645261764526367;0-4;Single bit-flip
matrix;cooley_tukey.cpp;28;1.097569465637207;0-4;Single bit-flip
n;cooley_tukey.cpp;28;1.050877332687378;0-4;Single bit-flip
size;cooley_tukey.cpp;53;3.3775269985198975;0-4;Single bit-flip
sinix;s_cexp.c;40;1.7688286304473877;0-4;Single bit-flip
__x;/usr/include/c++/6/complex;326;1.272416114807129;0-4;Single bit-flip
n;cooley_tukey.cpp;28;1.2071216106414795;0-4;Single bit-flip
n;cooley_tukey.cpp;28;1.342801570892334;0-4;Single bit-flip
n;cooley_tukey.cpp;28;1.8687915802001953;0-4;Single bit-flip
n;cooley_tukey.cpp;28;1.8359646797180176;0-4;Single bit-flip
matrix;cooley_tukey.cpp;28;1.7222192287445068;0-4;Single bit-flip
i;cooley_tukey.cpp;83;2.0526530742645264;0-4;Single bit-flip
n;cooley_tukey.cpp;28;1.6760127544403076;0-4;Single bit-flip
n;cooley_tukey.cpp;28;1.2246723175048828;0-4;Single bit-flip
evens;cooley_tukey.cpp;38;1.0047574043273926;0-4;Single bit-flip
n;cooley_tukey.cpp;28;1.7763803005218506;0-4;Single bit-flip
i;cooley_tukey.cpp;83;3.484398126602173;0-4;Single bit-flip
matrix;cooley_tukey.cpp;66;2.556806802749634;0-4;Single bit-flip
matrix;cooley_tukey.cpp;28;0.8511800765991211;0-4;Single bit-flip
i;cooley_tukey.cpp;35;1.3297882080078125;0-4;Single bit-flip
n;cooley_tukey.cpp;28;0.791764497756958;0-4;Single bit-flip
n;cooley_tukey.cpp;28;1.1421051025390625;0-4;Single bit-flip
n;cooley_tukey.cpp;28;0.9378340244293213;0-4;Single bit-flip
n;cooley_tukey.cpp;28;1.8483266830444336;0-4;Single bit-flip
matrix;cooley_tukey.cpp;28;1.0051593780517578;0-4;Single bit-flip
matrix;cooley_tukey.cpp;66;3.531405210494995;0-4;Single bit-flip
matrix;cooley_tukey.cpp;28;0.9059789180755615;0-4;Single bit-flip
i;cooley_tukey.cpp;83;2.470461845397949;0-4;Single bit-flip
matrix;cooley_tukey.cpp;28;1.5777976512908936;0-4;Single bit-flip
i;cooley_tukey.cpp;83;2.797375440597534;0-4;Single bit-flip
n;cooley_tukey.cpp;28;1.7823317050933838;0-4;Single bit-flip
matrix;cooley_tukey.cpp;66;0.4476649761199951;0-4;Single bit-flip
matrix;cooley_tukey.cpp;28;1.9243366718292236;0-4;Single bit-flip
n;cooley_tukey.cpp;28;2.2513933181762695;0-4;Single bit-flip
size;cooley_tukey.cpp;53;2.9133825302124023;0-4;Single bit-flip
matrix;cooley_tukey.cpp;28;0.9736435413360596;0-4;Single bit-flip
size;cooley_tukey.cpp;53;2.5764594078063965;0-4;Single bit-flip
size;cooley_tukey.cpp;53;2.0976662635803223;0-4;Single bit-flip
matrix;cooley_tukey.cpp;28;0.9852948188781738;0-4;Single bit-flip
matrix;cooley_tukey.cpp;28;0.8317461013793945;0-4;Single bit-flip
matrix;cooley_tukey.cpp;66;0.466996431350708;0-4;Single bit-flip
matrix;cooley_tukey.cpp;28;0.9806585311889648;0-4;Single bit-flip
matrix;cooley_tukey.cpp;66;3.1727075576782227;0-4;Single bit-flip
size;cooley_tukey.cpp;53;2.9299442768096924;0-4;Single bit-flip
i;cooley_tukey.cpp;83;3.260894775390625;0-4;Single bit-flip
matrix;cooley_tukey.cpp;28;1.0672578811645508;0-4;Single bit-flip
odds;cooley_tukey.cpp;39;1.3003041744232178;0-4;Single bit-flip
matrix;cooley_tukey.cpp;28;0.7337627410888672;0-4;Single bit-flip
matrix;cooley_tukey.cpp;28;1.7380268573760986;0-4;Single bit-flip
matrix;cooley_tukey.cpp;66;3.0424084663391113;0-4;Single bit-flip
__y;/usr/include/c++/6/complex;386;1.2183303833007812;0-4;Single bit-flip
evens;cooley_tukey.cpp;38;1.5711228847503662;0-4;Single bit-flip
matrix;cooley_tukey.cpp;28;1.4302465915679932;0-4;Single bit-flip
n;cooley_tukey.cpp;28;1.6834039688110352;0-4;Single bit-flip
sinix;s_cexp.c;40;0.83609938621521;0-4;Single bit-flip
i;cooley_tukey.cpp;35;1.5715947151184082;0-4;Single bit-flip
matrix;cooley_tukey.cpp;28;1.2733564376831055;0-4;Single bit-flip
matrix;cooley_tukey.cpp;28;1.1175518035888672;0-4;Single bit-flip
i;cooley_tukey.cpp;83;2.9685442447662354;0-4;Single bit-flip
n;cooley_tukey.cpp;28;1.160858392715454;0-4;Single bit-flip
n;cooley_tukey.cpp;28;1.3802623748779297;0-4;Single bit-flip
n;cooley_tukey.cpp;28;2.519528865814209;0-4;Single bit-flip
n;cooley_tukey.cpp;28;1.4051482677459717;0-4;Single bit-flip
n;cooley_tukey.cpp;28;1.818223476409912;0-4;Single bit-flip
matrix;cooley_tukey.cpp;11;1.2735588550567627;0-4;Single bit-flip
matrix;cooley_tukey.cpp;28;1.4972851276397705;0-4;Single bit-flip
i;cooley_tukey.cpp;83;4.2215735912323;0-4;Single bit-flip
n;cooley_tukey.cpp;28;1.1617581844329834;0-4;Single bit-flip
n;cooley_tukey.cpp;28;1.1687235832214355;0-4;Single bit-flip
i;cooley_tukey.cpp;83;2.523892402648926;0-4;Single bit-flip
matrix;cooley_tukey.cpp;28;1.1356444358825684;0-4;Single bit-flip
size;cooley_tukey.cpp;53;0.6060974597930908;0-4;Single bit-flip
size;cooley_tukey.cpp;53;4.2875893115997314;0-4;Single bit-flip
n;cooley_tukey.cpp;28;2.0204718112945557;0-4;Single bit-flip
matrix;cooley_tukey.cpp;28;0.47286081314086914;0-4;Single bit-flip
n;cooley_tukey.cpp;28;1.3534834384918213;0-4;Single bit-flip
n;cooley_tukey.cpp;28;0.9895579814910889;0-4;Single bit-flip
matrix;cooley_tukey.cpp;28;0.6166486740112305;0-4;Single bit-flip
matrix;cooley_tukey.cpp;28;1.42799973487854;0-4;Single bit-flip
matrix;cooley_tukey.cpp;28;1.950782060623169;0-4;Single bit-flip
size;cooley_tukey.cpp;53;3.1084065437316895;0-4;Single bit-flip
heap;cooley_tukey.cpp;13;0.9968349933624268;0-4;Single bit-flip
matrix;cooley_tukey.cpp;66;3.0055155754089355;0-4;Single bit-flip
i;cooley_tukey.cpp;35;1.0943434238433838;0-4;Single bit-flip
size;cooley_tukey.cpp;53;3.575603723526001;0-4;Single bit-flip
matrix;cooley_tukey.cpp;66;1.9811174869537354;0-4;Single bit-flip
n;cooley_tukey.cpp;28;1.3755707740783691;0-4;Single bit-flip
matrix;cooley_tukey.cpp;28;2.6330928802490234;0-4;Single bit-flip
matrix;cooley_tukey.cpp;28;1.7757647037506104;0-4;Single bit-flip
size;cooley_tukey.cpp;53;1.9289453029632568;0-4;Single bit-flip
matrix;cooley_tukey.cpp;66;2.9087884426116943;0-4;Single bit-flip
n;cooley_tukey.cpp;28;1.5934913158416748;0-4;Single bit-flip
matrix;cooley_tukey.cpp;66;2.3886544704437256;0-4;Single bit-flip
matrix;cooley_tukey.cpp;28;1.4158518314361572;0-4;Single bit-flip
matrix;cooley_tukey.cpp;28;1.8070290088653564;0-4;Single bit-flip
n;cooley_tukey.cpp;28;1.7979011535644531;0-4;Single bit-flip
i;cooley_tukey.cpp;83;3.979281425476074;0-4;Single bit-flip
n;cooley_tukey.cpp;28;0.7614574432373047;0-4;Single bit-flip
n;cooley_tukey.cpp;28;0.9296293258666992;0-4;Single bit-flip
n;cooley_tukey.cpp;28;1.413343906402588;0-4;Single bit-flip
n;cooley_tukey.cpp;28;1.8233473300933838;0-4;Single bit-flip
matrix;cooley_tukey.cpp;28;1.0438714027404785;0-4;Single bit-flip
matrix;cooley_tukey.cpp;28;1.496316909790039;0-4;Single bit-flip
i;cooley_tukey.cpp;83;2.808875560760498;0-4;Single bit-flip
n;cooley_tukey.cpp;28;1.9040451049804688;0-4;Single bit-flip
matrix;cooley_tukey.cpp;28;2.0767345428466797;0-4;Single bit-flip
matrix;cooley_tukey.cpp;66;3.3195555210113525;0-4;Single bit-flip
size;cooley_tukey.cpp;53;2.726309299468994;0-4;Single bit-flip
cs;../sysdeps/ieee754/dbl-64/s_sin.c;152;1.7275128364562988;0-4;Single bit-flip
n;cooley_tukey.cpp;28;1.141570806503296;0-4;Single bit-flip
n;cooley_tukey.cpp;28;0.7408523559570312;0-4;Single bit-flip
n;cooley_tukey.cpp;28;1.388732671737671;0-4;Single bit-flip
n;cooley_tukey.cpp;28;1.8252077102661133;0-4;Single bit-flip
i;cooley_tukey.cpp;83;3.4073925018310547;0-4;Single bit-flip
i;cooley_tukey.cpp;35;1.1150002479553223;0-4;Single bit-flip
matrix;cooley_tukey.cpp;28;1.2067701816558838;0-4;Single bit-flip
n;cooley_tukey.cpp;28;1.8552231788635254;0-4;Single bit-flip
matrix;cooley_tukey.cpp;28;1.392573356628418;0-4;Single bit-flip
matrix;cooley_tukey.cpp;66;3.447434663772583;0-4;Single bit-flip
i;cooley_tukey.cpp;83;3.5844666957855225;0-4;Single bit-flip
matrix;cooley_tukey.cpp;28;1.919100046157837;0-4;Single bit-flip
evens;cooley_tukey.cpp;38;1.8307478427886963;0-4;Single bit-flip
matrix;cooley_tukey.cpp;66;3.2158093452453613;0-4;Single bit-flip
i;cooley_tukey.cpp;83;3.1242308616638184;0-4;Single bit-flip
matrix;cooley_tukey.cpp;28;2.056330680847168;0-4;Single bit-flip
matrix;cooley_tukey.cpp;28;0.7551257610321045;0-4;Single bit-flip
matrix;cooley_tukey.cpp;66;1.0482838153839111;0-4;Single bit-flip
i;cooley_tukey.cpp;83;2.8267900943756104;0-4;Single bit-flip
matrix;cooley_tukey.cpp;28;0.9194455146789551;0-4;Single bit-flip
size;cooley_tukey.cpp;53;4.627107858657837;0-4;Single bit-flip
odds;cooley_tukey.cpp;39;1.3192930221557617;0-4;Single bit-flip
i;cooley_tukey.cpp;83;2.714185953140259;0-4;Single bit-flip
size;cooley_tukey.cpp;53;3.257479190826416;0-4;Single bit-flip
evens;cooley_tukey.cpp;38;1.0821435451507568;0-4;Single bit-flip
n;cooley_tukey.cpp;28;1.4856164455413818;0-4;Single bit-flip
size;cooley_tukey.cpp;53;2.3686985969543457;0-4;Single bit-flip
size;cooley_tukey.cpp;53;3.7030913829803467;0-4;Single bit-flip
negative;strtod_l.c;482;0.8571996688842773;0-4;Single bit-flip
n;cooley_tukey.cpp;28;1.593970775604248;0-4;Single bit-flip
matrix;cooley_tukey.cpp;28;1.6717681884765625;0-4;Single bit-flip
matrix;cooley_tukey.cpp;28;1.125974178314209;0-4;Single bit-flip
matrix;cooley_tukey.cpp;28;2.0152554512023926;0-4;Single bit-flip
i;cooley_tukey.cpp;83;2.1385884284973145;0-4;Single bit-flip
matrix;cooley_tukey.cpp;66;1.1879997253417969;0-4;Single bit-flip
i;cooley_tukey.cpp;83;3.1330132484436035;0-4;Single bit-flip
matrix;cooley_tukey.cpp;28;1.2614531517028809;0-4;Single bit-flip
matrix;cooley_tukey.cpp;28;1.140043020248413;0-4;Single bit-flip
n;cooley_tukey.cpp;28;0.881725549697876;0-4;Single bit-flip
matrix;cooley_tukey.cpp;28;2.166794776916504;0-4;Single bit-flip
matrix;cooley_tukey.cpp;28;1.338456392288208;0-4;Single bit-flip
i;cooley_tukey.cpp;83;2.739142417907715;0-4;Single bit-flip
size;cooley_tukey.cpp;53;1.2879395484924316;0-4;Single bit-flip
size;cooley_tukey.cpp;53;2.8839523792266846;0-4;Single bit-flip
c2;../sysdeps/ieee754/dbl-64/dosincos.h;64;1.2554640769958496;0-4;Single bit-flip
n;cooley_tukey.cpp;28;1.0006709098815918;0-4;Single bit-flip
x;../sysdeps/ieee754/dbl-64/s_sincos.c;62;1.7124996185302734;0-4;Single bit-flip
size;cooley_tukey.cpp;53;3.2249879837036133;0-4;Single bit-flip
matrix;cooley_tukey.cpp;28;2.1785812377929688;0-4;Single bit-flip
size;cooley_tukey.cpp;53;1.2257535457611084;0-4;Single bit-flip
matrix;cooley_tukey.cpp;28;2.4890713691711426;0-4;Single bit-flip
matrix;cooley_tukey.cpp;28;1.5047483444213867;0-4;Single bit-flip
n;cooley_tukey.cpp;28;1.5937249660491943;0-4;Single bit-flip
n;cooley_tukey.cpp;28;1.5675549507141113;0-4;Single bit-flip
n;cooley_tukey.cpp;28;0.4604032039642334;0-4;Single bit-flip
i;cooley_tukey.cpp;35;0.94474196434021;0-4;Single bit-flip
evens;cooley_tukey.cpp;38;1.2460830211639404;0-4;Single bit-flip
i;cooley_tukey.cpp;83;3.743861675262451;0-4;Single bit-flip
matrix;cooley_tukey.cpp;28;1.8085060119628906;0-4;Single bit-flip
size;cooley_tukey.cpp;53;3.9120733737945557;0-4;Single bit-flip
size;cooley_tukey.cpp;53;3.1147639751434326;0-4;Single bit-flip
size;cooley_tukey.cpp;53;2.5939249992370605;0-4;Single bit-flip
i;cooley_tukey.cpp;35;1.054316759109497;0-4;Single bit-flip
matrix;cooley_tukey.cpp;28;2.0556700229644775;0-4;Single bit-flip
size;cooley_tukey.cpp;53;3.552204132080078;0-4;Single bit-flip
__x;/usr/include/c++/6/complex;326;1.1224098205566406;0-4;Single bit-flip
size;cooley_tukey.cpp;53;3.870128631591797;0-4;Single bit-flip
matrix;cooley_tukey.cpp;66;3.864687204360962;0-4;Single bit-flip
n;cooley_tukey.cpp;28;2.023859739303589;0-4;Single bit-flip
evens;cooley_tukey.cpp;38;1.3924651145935059;0-4;Single bit-flip
cosix;s_cexp.c;40;1.4853219985961914;0-4;Single bit-flip
matrix;cooley_tukey.cpp;66;2.253378391265869;0-4;Single bit-flip
matrix;cooley_tukey.cpp;11;0.32726502418518066;0-4;Single bit-flip
size;cooley_tukey.cpp;53;3.925288200378418;0-4;Single bit-flip
n;cooley_tukey.cpp;28;0.6051344871520996;0-4;Single bit-flip
i;cooley_tukey.cpp;83;3.6734888553619385;0-4;Single bit-flip
matrix;cooley_tukey.cpp;66;3.6889028549194336;0-4;Single bit-flip
size;cooley_tukey.cpp;53;1.8370802402496338;0-4;Single bit-flip
n;cooley_tukey.cpp;28;1.0456321239471436;0-4;Single bit-flip
matrix;cooley_tukey.cpp;28;1.8685824871063232;0-4;Single bit-flip
odds;cooley_tukey.cpp;39;1.1439826488494873;0-4;Single bit-flip
size;cooley_tukey.cpp;53;2.8729546070098877;0-4;Single bit-flip
matrix;cooley_tukey.cpp;66;2.756934404373169;0-4;Single bit-flip
matrix;cooley_tukey.cpp;28;0.6326522827148438;0-4;Single bit-flip
odds;cooley_tukey.cpp;39;1.7268366813659668;0-4;Single bit-flip
i;cooley_tukey.cpp;83;2.539480209350586;0-4;Single bit-flip
n;cooley_tukey.cpp;28;1.313722848892212;0-4;Single bit-flip
i;cooley_tukey.cpp;83;2.581686496734619;0-4;Single bit-flip
matrix;cooley_tukey.cpp;28;2.108652114868164;0-4;Single bit-flip
n;cooley_tukey.cpp;28;1.8706181049346924;0-4;Single bit-flip
matrix;cooley_tukey.cpp;28;0.6695077419281006;0-4;Single bit-flip
sinix;s_cexp.c;40;2.4355649948120117;0-4;Single bit-flip
size;cooley_tukey.cpp;53;2.1971027851104736;0-4;Single bit-flip
odds;cooley_tukey.cpp;39;1.2632389068603516;0-4;Single bit-flip
matrix;cooley_tukey.cpp;28;1.4943885803222656;0-4;Single bit-flip
n;cooley_tukey.cpp;28;1.5610525608062744;0-4;Single bit-flip
matrix;cooley_tukey.cpp;28;2.0333728790283203;0-4;Single bit-flip
matrix;cooley_tukey.cpp;66;3.2856509685516357;0-4;Single bit-flip
i;cooley_tukey.cpp;83;2.712683916091919;0-4;Single bit-flip
matrix;cooley_tukey.cpp;28;0.8658962249755859;0-4;Single bit-flip
i;cooley_tukey.cpp;83;2.6474785804748535;0-4;Single bit-flip
matrix;cooley_tukey.cpp;28;1.3860576152801514;0-4;Single bit-flip
f;vfprintf.c;1247;2.9923064708709717;0-4;Single bit-flip
i;cooley_tukey.cpp;83;2.1603176593780518;0-4;Single bit-flip
n;cooley_tukey.cpp;28;1.843385934829712;0-4;Single bit-flip
matrix;cooley_tukey.cpp;28;1.461961269378662;0-4;Single bit-flip
matrix;cooley_tukey.cpp;28;1.0705883502960205;0-4;Single bit-flip
size;cooley_tukey.cpp;53;3.233851671218872;0-4;Single bit-flip
matrix;cooley_tukey.cpp;28;1.5259623527526855;0-4;Single bit-flip
sinix;s_cexp.c;40;1.7481966018676758;0-4;Single bit-flip
matrix;cooley_tukey.cpp;28;1.304581642150879;0-4;Single bit-flip
cosix;s_cexp.c;40;2.3469271659851074;0-4;Single bit-flip
matrix;cooley_tukey.cpp;66;4.2856035232543945;0-4;Single bit-flip
n;cooley_tukey.cpp;28;1.7012262344360352;0-4;Single bit-flip
i;cooley_tukey.cpp;83;2.0576770305633545;0-4;Single bit-flip
n;cooley_tukey.cpp;28;0.8539011478424072;0-4;Single bit-flip
matrix;cooley_tukey.cpp;28;1.8622820377349854;0-4;Single bit-flip
i;cooley_tukey.cpp;83;2.6261146068573;0-4;Single bit-flip
matrix;cooley_tukey.cpp;28;2.745396137237549;0-4;Single bit-flip
matrix;cooley_tukey.cpp;28;0.9681503772735596;0-4;Single bit-flip
size;cooley_tukey.cpp;53;0.6369144916534424;0-4;Single bit-flip
matrix;cooley_tukey.cpp;66;1.8507001399993896;0-4;Single bit-flip
matrix;cooley_tukey.cpp;28;1.3542213439941406;0-4;Single bit-flip
size;cooley_tukey.cpp;53;2.710371494293213;0-4;Single bit-flip
i;cooley_tukey.cpp;83;2.5241222381591797;0-4;Single bit-flip
matrix;cooley_tukey.cpp;28;1.2079079151153564;0-4;Single bit-flip
n;cooley_tukey.cpp;28;1.5677542686462402;0-4;Single bit-flip
size;cooley_tukey.cpp;53;4.157105922698975;0-4;Single bit-flip
size;cooley_tukey.cpp;53;2.5646960735321045;0-4;Single bit-flip
matrix;cooley_tukey.cpp;28;0.8816232681274414;0-4;Single bit-flip
n;cooley_tukey.cpp;28;1.217505693435669;0-4;Single bit-flip
n;cooley_tukey.cpp;28;1.122941255569458;0-4;Single bit-flip
matrix;cooley_tukey.cpp;28;1.3974816799163818;0-4;Single bit-flip
evens;cooley_tukey.cpp;38;1.487607479095459;0-4;Single bit-flip
size;cooley_tukey.cpp;53;2.8967766761779785;0-4;Single bit-flip
size;cooley_tukey.cpp;53;2.086839199066162;0-4;Single bit-flip
matrix;cooley_tukey.cpp;28;2.1484060287475586;0-4;Single bit-flip
odds;cooley_tukey.cpp;39;1.1739835739135742;0-4;Single bit-flip
n;cooley_tukey.cpp;28;1.035430669784546;0-4;Single bit-flip
n;cooley_tukey.cpp;28;1.9558799266815186;0-4;Single bit-flip
__y;/usr/include/c++/6/complex;326;0.9433326721191406;0-4;Single bit-flip
n;cooley_tukey.cpp;28;1.8880939483642578;0-4;Single bit-flip
size;cooley_tukey.cpp;53;2.573113441467285;0-4;Single bit-flip
matrix;cooley_tukey.cpp;28;2.3841865062713623;0-4;Single bit-flip
matrix;cooley_tukey.cpp;28;1.4790973663330078;0-4;Single bit-flip
size;cooley_tukey.cpp;53;1.4636225700378418;0-4;Single bit-flip
matrix;cooley_tukey.cpp;28;0.8676905632019043;0-4;Single bit-flip
matrix;cooley_tukey.cpp;28;1.1033456325531006;0-4;Single bit-flip
matrix;cooley_tukey.cpp;66;4.103588104248047;0-4;Single bit-flip
matrix;cooley_tukey.cpp;28;2.046621084213257;0-4;Single bit-flip
size;cooley_tukey.cpp;53;3.6023805141448975;0-4;Single bit-flip
n;cooley_tukey.cpp;28;0.9373230934143066;0-4;Single bit-flip
size;cooley_tukey.cpp;53;2.440796375274658;0-4;Single bit-flip
n;cooley_tukey.cpp;28;1.405827522277832;0-4;Single bit-flip
i;cooley_tukey.cpp;83;3.8564724922180176;0-4;Single bit-flip
n;cooley_tukey.cpp;28;1.8402884006500244;0-4;Single bit-flip
matrix;cooley_tukey.cpp;28;0.9724853038787842;0-4;Single bit-flip
matrix;cooley_tukey.cpp;28;1.6392908096313477;0-4;Single bit-flip
i;cooley_tukey.cpp;83;3.016862630844116;0-4;Single bit-flip
matrix;cooley_tukey.cpp;28;1.311661958694458;0-4;Single bit-flip
matrix;cooley_tukey.cpp;28;1.8220384120941162;0-4;Single bit-flip
size;cooley_tukey.cpp;53;0.7784993648529053;0-4;Single bit-flip
n;cooley_tukey.cpp;28;1.97981595993042;0-4;Single bit-flip
matrix;cooley_tukey.cpp;28;0.9748141765594482;0-4;Single bit-flip
size;cooley_tukey.cpp;53;3.6842095851898193;0-4;Single bit-flip
size;cooley_tukey.cpp;53;0.6857380867004395;0-4;Single bit-flip
i;cooley_tukey.cpp;83;2.9225804805755615;0-4;Single bit-flip
matrix;cooley_tukey.cpp;28;1.6006572246551514;0-4;Single bit-flip
n;cooley_tukey.cpp;28;1.6325294971466064;0-4;Single bit-flip
matrix;cooley_tukey.cpp;66;4.623143196105957;0-4;Single bit-flip
size;cooley_tukey.cpp;53;2.57472562789917;0-4;Single bit-flip
matrix;cooley_tukey.cpp;28;1.1753809452056885;0-4;Single bit-flip
n;cooley_tukey.cpp;28;1.312523603439331;0-4;Single bit-flip
matrix;cooley_tukey.cpp;28;1.8206212520599365;0-4;Single bit-flip
matrix;cooley_tukey.cpp;28;0.7205309867858887;0-4;Single bit-flip
n;cooley_tukey.cpp;28;0.8484625816345215;0-4;Single bit-flip
size;cooley_tukey.cpp;53;2.7837541103363037;0-4;Single bit-flip
n;cooley_tukey.cpp;28;1.4569447040557861;0-4;Single bit-flip
matrix;cooley_tukey.cpp;66;3.3195576667785645;0-4;Single bit-flip
size;cooley_tukey.cpp;53;2.437366485595703;0-4;Single bit-flip
i;cooley_tukey.cpp;83;4.730513095855713;0-4;Single bit-flip
matrix;cooley_tukey.cpp;28;2.2168896198272705;0-4;Single bit-flip
size;cooley_tukey.cpp;53;3.051757335662842;0-4;Single bit-flip
matrix;cooley_tukey.cpp;66;2.0879697799682617;0-4;Single bit-flip
matrix;cooley_tukey.cpp;28;1.638922929763794;0-4;Single bit-flip
n;cooley_tukey.cpp;28;1.1732616424560547;0-4;Single bit-flip
matrix;cooley_tukey.cpp;28;1.7541797161102295;0-4;Single bit-flip
matrix;cooley_tukey.cpp;28;1.630579948425293;0-4;Single bit-flip
sinix;s_cexp.c;40;2.4059698581695557;0-4;Single bit-flip
n;cooley_tukey.cpp;28;0.9908492565155029;0-4;Single bit-flip
matrix;cooley_tukey.cpp;28;1.5202150344848633;0-4;Single bit-flip
matrix;cooley_tukey.cpp;28;2.617248058319092;0-4;Single bit-flip
matrix;cooley_tukey.cpp;28;1.2631089687347412;0-4;Single bit-flip
size;cooley_tukey.cpp;53;3.9116053581237793;0-4;Single bit-flip
size;cooley_tukey.cpp;53;3.2793736457824707;0-4;Single bit-flip
size;cooley_tukey.cpp;53;2.7763383388519287;0-4;Single bit-flip
n;cooley_tukey.cpp;28;1.825164556503296;0-4;Single bit-flip
matrix;cooley_tukey.cpp;28;2.5276992321014404;0-4;Single bit-flip
